"Identificador de la publicación","Identificador de la cuenta","Nombre de usuario de la cuenta","Nombre de la cuenta",Descripción,"Duración (segundos)","Hora de publicación","Enlace permanente","Tipo de publicación","Comentario sobre los datos",Fecha,Impresiones,Alcance,"Me gusta","Veces que se compartió",Comentarios,"Veces que se guardó",Seguimientos
18040576172497692,17841469739624306,delizone_oficial,DeliZone,"¿Quieres que más clientes te encuentren en línea? Aquí te dejamos tres tips para mejorar la presencia digital de tu restaurante:

#restaurantesdigitales 
#marketingrestaurantes 
#webdesign 
#emprendedores 
#menudigital",0,"09/28/2024 14:33",https://www.instagram.com/p/DAed_eBSBhh/,"Secuencia de Instagram",,Total,129,82,16,1,0,0,
17922958478861686,17841469739624306,delizone_oficial,DeliZone,"⭐ Con nuestras plantillas, podrás: 
✅ Personalizar colores y agregar el logo de tu marca
✅ Subir y gestionar tus productos o menú fácilmente
✅ Ofrecer una experiencia digital, moderna y atractiva a tus clientes

¿Estás listo para dar el siguiente paso y destacar en el mundo digital? 🌟 ¡Contáctanos hoy mismo para una demo gratis o más información! ¡No te quedes atrás!""

#Restaurantes #Emprendimiento #SolucionesDigitales #WebDesign #MarketingGastronómico #NegociosLocales #MenuDigital #AppParaRestaurantes",0,"09/27/2024 11:13",https://www.instagram.com/p/DAbiSWlyex3/,"Imagen de Instagram",,Total,93,74,19,0,0,0,1
18023774504396308,17841469739624306,delizone_oficial,DeliZone,"Crea la página web de tus sueños en minutos

Con Delizone, personaliza tu página web con facilidad y rapidez. Nuestras plantillas web te permiten crear un sitio único y atractivo que refleje tu marca y atraiga a tus clientes.

¡Sin necesidad de codificar!

¡Prueba Delizone hoy y transforma tu presencia online!

#Delizone #PaginaWeb #Personalizacion #PlantillasWeb #Emprendimiento",0,"10/07/2024 15:00",https://www.instagram.com/p/DA1sKcRN8y-/,"Secuencia de Instagram",,Total,63,51,2,0,0,0,
18032498174201318,17841469739624306,delizone_oficial,DeliZone,"¿Quieres impulsar el crecimiento de tu negocio?

Nuestro proyecto tiene tres objetivos claros:

Mayor visibilidad online: Asegúrate de que tus clientes te encuentren fácilmente y expande tu alcance.

Mejorar la experiencia del cliente: Crea una experiencia digital atractiva y optimizada que los deje con la boca abierta.

Incrementar tus ventas online: Con pedidos directos, ¡aumenta tus ingresos y lleva tu negocio al siguiente nivel!

¿Quieres saber más? ¡Contáctanos hoy! #ventasonline  #negocio #emprendimiento #crecimiento",0,"10/06/2024 15:00",https://www.instagram.com/p/DAzHXfjN_Zu/,"Secuencia de Instagram",,Total,71,60,6,0,0,1,
17934766817800552,17841469739624306,delizone_oficial,DeliZone,"""¡Aumenta las ventas de tu restaurante con estas 5 ideas infalibles!

1. Crea una presencia online solida: Asegúrate de que tu restaurante tenga un sitio web y perfiles de redes sociales actualizados y atractivos.

2. Ofrece promociones y descuentos irresistibles: Los clientes adoran un buen trato. Crea ofertas especiales para atraer nuevos clientes y retener a los antiguos.

3. Optimiza tu menú: Asegúrate de que tu menú sea variado, atractivo y fácil de navegar. Agrega fotos y descripciones apetitosas para hacer que los clientes se sientan con hambre.

4. Facilita los pedidos online: Implementa un sistema de pedidos online fácil de usar para que los clientes puedan ordenar con comodidad.

5. Fomenta las reseñas positivas: Anima a tus clientes satisfechos a dejar reseñas en tus perfiles de redes sociales o en sitios web de reseñas. Esto ayudará a atraer a nuevos clientes y mejorar tu reputación.

#ventas #restaurante #negocio",0,"10/05/2024 19:24",https://www.instagram.com/p/DAxAz42O7b7/,"Secuencia de Instagram",,Total,44,35,5,0,0,0,
18049272811911405,17841469739624306,delizone_oficial,DeliZone,"¿Tu restaurante ya tiene presencia en línea?

#restaurantes 
#marketingdigital 
#diseñoweb 
#negocioslocales 
#emprendedoresgastronómicos",0,"09/30/2024 07:02",https://www.instagram.com/p/DAiz5m8Omfh/,"Secuencia de Instagram",,Total,344,293,57,2,0,2,44
